circuit_ref,circuit_name,total_entries,r2_determinism,slope,intercept,rmse
shanghai,Shanghai International Circuit,143,0.5602588964759536,0.7547494604146902,2.7042295720492024,3.9702299920060584
suzuka,Suzuka Circuit,182,0.5013759132481486,0.7133621895278583,3.082037368538825,4.180890107912498
monaco,Circuit de Monaco,201,0.49353699289500674,0.7143090170697596,3.1070744117457725,4.209239048890641
rodriguez,Autódromo Hermanos Rodríguez,180,0.4834426930323241,0.7027978292086644,3.1811317183777685,4.210649600079727
yas_marina,Yas Marina Circuit,222,0.4732091989569325,0.6879020271498935,3.307957342866219,4.234177212488191
silverstone,Silverstone Circuit,241,0.4618499707369226,0.6840143747461479,3.3672174352543873,4.30512848201283
catalunya,Circuit de Barcelona-Catalunya,222,0.44687848278640296,0.6735438558309638,3.5050931336137356,4.389225916838976
villeneuve,Circuit Gilles Villeneuve,181,0.43664373232188625,0.670308875161104,3.5691595929069813,4.461801618985925
monza,Autodromo Nazionale di Monza,221,0.4016074694665335,0.6327737803122486,3.8772847855527264,4.540842252519153
hungaroring,Hungaroring,219,0.3689060881016243,0.6132982224348683,4.153003208311982,4.700670210877518
bahrain,Bahrain International Circuit,243,0.36219401639595084,0.6006753146651018,4.289084602650456,4.7023778285311835
sochi,Sochi Autodrom,162,0.34404504876232433,0.5887860992146692,4.465086289226516,4.776084263984596
red_bull_ring,Red Bull Ring,257,0.3426769543010747,0.591597715407369,4.313463556930794,4.729699990350109
spa,Circuit de Spa-Francorchamps,218,0.32874081286272094,0.5788918254741041,4.449403254972874,4.825971281842807
marina_bay,Marina Bay Street Circuit,181,0.31466275497067775,0.5674396693480289,4.653138971601262,4.9074572805721814
albert_park,Albert Park Grand Prix Circuit,177,0.3005964833260564,0.5533210834354158,4.774703960800328,4.904696925808005
interlagos,Autódromo José Carlos Pace,196,0.2999037570676315,0.5558091284645733,4.6152733102235,4.841804759165984
baku,Baku City Circuit,155,0.2508468390193017,0.5202680248239829,5.147189526319451,5.110978909799571
americas,Circuit of the Americas,194,0.20708337946923716,0.46924681382209943,5.676282682958877,5.223018854386779
