driverRef,forename,surname,total_clean_races,avg_positions_gained,std_positions_gained,total_net_gained,driver_name
nasr,Felipe,Nasr,35,2.6285714285714286,3.796947026584526,92,Felipe Nasr
vandoorne,Stoffel,Vandoorne,38,2.473684210526316,3.8885614800422372,94,Stoffel Vandoorne
ericsson,Marcus,Ericsson,88,2.227272727272727,4.076079005943815,196,Marcus Ericsson
jolyon_palmer,Jolyon,Palmer,31,1.7419354838709677,4.16307371970506,54,Jolyon Palmer
latifi,Nicholas,Latifi,58,1.5,3.6718464211280506,87,Nicholas Latifi
stroll,Lance,Stroll,156,1.4038461538461537,4.546219764146977,219,Lance Stroll
button,Jenson,Button,52,1.3846153846153846,4.3438207007820875,72,Jenson Button
wehrlein,Pascal,Wehrlein,38,1.368421052631579,3.7229823313500705,52,Pascal Wehrlein
maldonado,Pastor,Maldonado,31,1.2258064516129032,5.011384887895127,38,Pastor Maldonado
zhou,Guanyu,Zhou,62,1.064516129032258,3.9416688141850775,66,Guanyu Zhou
giovinazzi,Antonio,Giovinazzi,59,0.9830508474576272,3.535492578585341,58,Antonio Giovinazzi
perez,Sergio,Pérez,208,0.9519230769230769,4.900714347401531,198,Sergio Pérez
ocon,Esteban,Ocon,145,0.6758620689655173,4.505987927532112,98,Esteban Ocon
alonso,Fernando,Alonso,164,0.6341463414634146,4.871381797446143,104,Fernando Alonso
sargeant,Logan,Sargeant,34,0.6176470588235294,4.060263507513476,21,Logan Sargeant
kvyat,Daniil,Kvyat,102,0.6176470588235294,5.036587162994084,63,Daniil Kvyat
hamilton,Lewis,Hamilton,221,0.5248868778280543,4.951176683913332,116,Lewis Hamilton
mick_schumacher,Mick,Schumacher,42,0.4523809523809524,3.762474412536807,19,Mick Schumacher
gasly,Pierre,Gasly,138,0.427536231884058,4.5415963641845165,59,Pierre Gasly
vettel,Sebastian,Vettel,171,0.24561403508771928,5.66188713630645,42,Sebastian Vettel
ricciardo,Daniel,Ricciardo,193,0.16580310880829016,5.2294709243413875,32,Daniel Ricciardo
russell,George,Russell,118,0.15254237288135594,4.914007744557777,18,George Russell
kevin_magnussen,Kevin,Magnussen,167,0.029940119760479042,4.201871570525205,5,Kevin Magnussen
max_verstappen,Max,Verstappen,196,0.00510204081632653,6.0217532577503174,1,Max Verstappen
albon,Alexander,Albon,99,-0.04040404040404041,4.770057955235978,-4,Alexander Albon
raikkonen,Kimi,Räikkönen,147,-0.06802721088435375,4.881696123311074,-10,Kimi Räikkönen
sainz,Carlos,Sainz,193,-0.13989637305699482,5.515708060246862,-27,Carlos Sainz
norris,Lando,Norris,124,-0.3548387096774194,4.397326512959757,-44,Lando Norris
piastri,Oscar,Piastri,45,-0.4222222222222222,4.5451717083720675,-19,Oscar Piastri
gutierrez,Esteban,Gutiérrez,36,-0.5277777777777778,3.683834268888181,-19,Esteban Gutiérrez
hulkenberg,Nico,Hülkenberg,153,-0.5620915032679739,4.549190305861086,-86,Nico Hülkenberg
tsunoda,Yuki,Tsunoda,81,-0.5679012345679012,4.609604840994882,-46,Yuki Tsunoda
leclerc,Charles,Leclerc,143,-0.5734265734265734,5.190035835977002,-82,Charles Leclerc
grosjean,Romain,Grosjean,127,-0.5905511811023622,5.354651339128397,-75,Romain Grosjean
bottas,Valtteri,Bottas,213,-0.5915492957746479,4.69918940658135,-126,Valtteri Bottas
massa,Felipe,Massa,74,-0.6891891891891891,5.615354867903209,-51,Felipe Massa
rosberg,Nico,Rosberg,57,-1.3508771929824561,4.3239004715905,-77,Nico Rosberg
